Kód kocky;Názov
vt1008rs;"Štruktúra výdavkov na výskum a vývoj (v %)"
Posledná aktualizácia;30.09.2025

Kód dimenzie;Kód dimenzie;Kód dimenzie;Data
vt1008rs_rok;vt1008rs_ukaz;vt1008rs_area
Kód Elementu;Kód Elementu;Kód Elementu;Hodnota
2024;UKAZ01;AREA01;60.04
2024;UKAZ01;AREA02;
2024;UKAZ01;AREA03;
2024;UKAZ01;AREA04;
2024;UKAZ02;AREA01;16.66
2024;UKAZ02;AREA02;
2024;UKAZ02;AREA03;
2024;UKAZ02;AREA04;
2024;UKAZ03;AREA01;23.15
2024;UKAZ03;AREA02;
2024;UKAZ03;AREA03;
2024;UKAZ03;AREA04;
2024;UKAZ04;AREA01;0.14
2024;UKAZ04;AREA02;
2024;UKAZ04;AREA03;
2024;UKAZ04;AREA04;
2024;UKAZ05;AREA01;
2024;UKAZ05;AREA02;43.86
2024;UKAZ05;AREA03;
2024;UKAZ05;AREA04;
2024;UKAZ06;AREA01;
2024;UKAZ06;AREA02;34.29
2024;UKAZ06;AREA03;
2024;UKAZ06;AREA04;
2024;UKAZ07;AREA01;
2024;UKAZ07;AREA02;2.38
2024;UKAZ07;AREA03;
2024;UKAZ07;AREA04;
2024;UKAZ08;AREA01;
2024;UKAZ08;AREA02;19.48
2024;UKAZ08;AREA03;
2024;UKAZ08;AREA04;
2024;UKAZ09;AREA01;
2024;UKAZ09;AREA02;
2024;UKAZ09;AREA03;21.95
2024;UKAZ09;AREA04;
2024;UKAZ10;AREA01;
2024;UKAZ10;AREA02;
2024;UKAZ10;AREA03;57.34
2024;UKAZ10;AREA04;
2024;UKAZ11;AREA01;
2024;UKAZ11;AREA02;
2024;UKAZ11;AREA03;7
2024;UKAZ11;AREA04;
2024;UKAZ12;AREA01;
2024;UKAZ12;AREA02;
2024;UKAZ12;AREA03;3.3
2024;UKAZ12;AREA04;
2024;UKAZ13;AREA01;
2024;UKAZ13;AREA02;
2024;UKAZ13;AREA03;6.06
2024;UKAZ13;AREA04;
2024;UKAZ14;AREA01;
2024;UKAZ14;AREA02;
2024;UKAZ14;AREA03;4.35
2024;UKAZ14;AREA04;
2024;UKAZ15;AREA01;
2024;UKAZ15;AREA02;
2024;UKAZ15;AREA03;
2024;UKAZ15;AREA04;39.43
2024;UKAZ16;AREA01;
2024;UKAZ16;AREA02;
2024;UKAZ16;AREA03;
2024;UKAZ16;AREA04;20.34
2024;UKAZ17;AREA01;
2024;UKAZ17;AREA02;
2024;UKAZ17;AREA03;
2024;UKAZ17;AREA04;40.22
2023;UKAZ01;AREA01;55.76
2023;UKAZ01;AREA02;
2023;UKAZ01;AREA03;
2023;UKAZ01;AREA04;
2023;UKAZ02;AREA01;17.82
2023;UKAZ02;AREA02;
2023;UKAZ02;AREA03;
2023;UKAZ02;AREA04;
2023;UKAZ03;AREA01;26.33
2023;UKAZ03;AREA02;
2023;UKAZ03;AREA03;
2023;UKAZ03;AREA04;
2023;UKAZ04;AREA01;0.09
2023;UKAZ04;AREA02;
2023;UKAZ04;AREA03;
2023;UKAZ04;AREA04;
2023;UKAZ05;AREA01;
2023;UKAZ05;AREA02;41.09
2023;UKAZ05;AREA03;
2023;UKAZ05;AREA04;
2023;UKAZ06;AREA01;
2023;UKAZ06;AREA02;33.92
2023;UKAZ06;AREA03;
2023;UKAZ06;AREA04;
2023;UKAZ07;AREA01;
2023;UKAZ07;AREA02;2.92
2023;UKAZ07;AREA03;
2023;UKAZ07;AREA04;
2023;UKAZ08;AREA01;
2023;UKAZ08;AREA02;22.07
2023;UKAZ08;AREA03;
2023;UKAZ08;AREA04;
2023;UKAZ09;AREA01;
2023;UKAZ09;AREA02;
2023;UKAZ09;AREA03;23.3
2023;UKAZ09;AREA04;
2023;UKAZ10;AREA01;
2023;UKAZ10;AREA02;
2023;UKAZ10;AREA03;55.69
2023;UKAZ10;AREA04;
2023;UKAZ11;AREA01;
2023;UKAZ11;AREA02;
2023;UKAZ11;AREA03;8.88
2023;UKAZ11;AREA04;
2023;UKAZ12;AREA01;
2023;UKAZ12;AREA02;
2023;UKAZ12;AREA03;3.41
2023;UKAZ12;AREA04;
2023;UKAZ13;AREA01;
2023;UKAZ13;AREA02;
2023;UKAZ13;AREA03;4.92
2023;UKAZ13;AREA04;
2023;UKAZ14;AREA01;
2023;UKAZ14;AREA02;
2023;UKAZ14;AREA03;3.8
2023;UKAZ14;AREA04;
2023;UKAZ15;AREA01;
2023;UKAZ15;AREA02;
2023;UKAZ15;AREA03;
2023;UKAZ15;AREA04;38.69
2023;UKAZ16;AREA01;
2023;UKAZ16;AREA02;
2023;UKAZ16;AREA03;
2023;UKAZ16;AREA04;23.81
2023;UKAZ17;AREA01;
2023;UKAZ17;AREA02;
2023;UKAZ17;AREA03;
2023;UKAZ17;AREA04;37.5
2022;UKAZ01;AREA01;57.21
2022;UKAZ01;AREA02;
2022;UKAZ01;AREA03;
2022;UKAZ01;AREA04;
2022;UKAZ02;AREA01;17.17
2022;UKAZ02;AREA02;
2022;UKAZ02;AREA03;
2022;UKAZ02;AREA04;
2022;UKAZ03;AREA01;25.58
2022;UKAZ03;AREA02;
2022;UKAZ03;AREA03;
2022;UKAZ03;AREA04;
2022;UKAZ04;AREA01;0.04
2022;UKAZ04;AREA02;
2022;UKAZ04;AREA03;
2022;UKAZ04;AREA04;
2022;UKAZ05;AREA01;
2022;UKAZ05;AREA02;47.14
2022;UKAZ05;AREA03;
2022;UKAZ05;AREA04;
2022;UKAZ06;AREA01;
2022;UKAZ06;AREA02;33.58
2022;UKAZ06;AREA03;
2022;UKAZ06;AREA04;
2022;UKAZ07;AREA01;
2022;UKAZ07;AREA02;2.45
2022;UKAZ07;AREA03;
2022;UKAZ07;AREA04;
2022;UKAZ08;AREA01;
2022;UKAZ08;AREA02;16.82
2022;UKAZ08;AREA03;
2022;UKAZ08;AREA04;
2022;UKAZ09;AREA01;
2022;UKAZ09;AREA02;
2022;UKAZ09;AREA03;22.85
2022;UKAZ09;AREA04;
2022;UKAZ10;AREA01;
2022;UKAZ10;AREA02;
2022;UKAZ10;AREA03;56.77
2022;UKAZ10;AREA04;
2022;UKAZ11;AREA01;
2022;UKAZ11;AREA02;
2022;UKAZ11;AREA03;7.49
2022;UKAZ11;AREA04;
2022;UKAZ12;AREA01;
2022;UKAZ12;AREA02;
2022;UKAZ12;AREA03;3.48
2022;UKAZ12;AREA04;
2022;UKAZ13;AREA01;
2022;UKAZ13;AREA02;
2022;UKAZ13;AREA03;5.39
2022;UKAZ13;AREA04;
2022;UKAZ14;AREA01;
2022;UKAZ14;AREA02;
2022;UKAZ14;AREA03;4.02
2022;UKAZ14;AREA04;
2022;UKAZ15;AREA01;
2022;UKAZ15;AREA02;
2022;UKAZ15;AREA03;
2022;UKAZ15;AREA04;39.34
2022;UKAZ16;AREA01;
2022;UKAZ16;AREA02;
2022;UKAZ16;AREA03;
2022;UKAZ16;AREA04;25.67
2022;UKAZ17;AREA01;
2022;UKAZ17;AREA02;
2022;UKAZ17;AREA03;
2022;UKAZ17;AREA04;34.99
2021;UKAZ01;AREA01;56.04
2021;UKAZ01;AREA02;
2021;UKAZ01;AREA03;
2021;UKAZ01;AREA04;
2021;UKAZ02;AREA01;18.5
2021;UKAZ02;AREA02;
2021;UKAZ02;AREA03;
2021;UKAZ02;AREA04;
2021;UKAZ03;AREA01;25.42
2021;UKAZ03;AREA02;
2021;UKAZ03;AREA03;
2021;UKAZ03;AREA04;
2021;UKAZ04;AREA01;0.05
2021;UKAZ04;AREA02;
2021;UKAZ04;AREA03;
2021;UKAZ04;AREA04;
2021;UKAZ05;AREA01;
2021;UKAZ05;AREA02;45.7
2021;UKAZ05;AREA03;
2021;UKAZ05;AREA04;
2021;UKAZ06;AREA01;
2021;UKAZ06;AREA02;37.92
2021;UKAZ06;AREA03;
2021;UKAZ06;AREA04;
2021;UKAZ07;AREA01;
2021;UKAZ07;AREA02;2.5
2021;UKAZ07;AREA03;
2021;UKAZ07;AREA04;
2021;UKAZ08;AREA01;
2021;UKAZ08;AREA02;13.88
2021;UKAZ08;AREA03;
2021;UKAZ08;AREA04;
2021;UKAZ09;AREA01;
2021;UKAZ09;AREA02;
2021;UKAZ09;AREA03;21.99
2021;UKAZ09;AREA04;
2021;UKAZ10;AREA01;
2021;UKAZ10;AREA02;
2021;UKAZ10;AREA03;56.08
2021;UKAZ10;AREA04;
2021;UKAZ11;AREA01;
2021;UKAZ11;AREA02;
2021;UKAZ11;AREA03;7.81
2021;UKAZ11;AREA04;
2021;UKAZ12;AREA01;
2021;UKAZ12;AREA02;
2021;UKAZ12;AREA03;3.71
2021;UKAZ12;AREA04;
2021;UKAZ13;AREA01;
2021;UKAZ13;AREA02;
2021;UKAZ13;AREA03;5.78
2021;UKAZ13;AREA04;
2021;UKAZ14;AREA01;
2021;UKAZ14;AREA02;
2021;UKAZ14;AREA03;4.62
2021;UKAZ14;AREA04;
2021;UKAZ15;AREA01;
2021;UKAZ15;AREA02;
2021;UKAZ15;AREA03;
2021;UKAZ15;AREA04;38.86
2021;UKAZ16;AREA01;
2021;UKAZ16;AREA02;
2021;UKAZ16;AREA03;
2021;UKAZ16;AREA04;23.71
2021;UKAZ17;AREA01;
2021;UKAZ17;AREA02;
2021;UKAZ17;AREA03;
2021;UKAZ17;AREA04;37.43
2020;UKAZ01;AREA01;54.08
2020;UKAZ01;AREA02;
2020;UKAZ01;AREA03;
2020;UKAZ01;AREA04;
2020;UKAZ02;AREA01;19.72
2020;UKAZ02;AREA02;
2020;UKAZ02;AREA03;
2020;UKAZ02;AREA04;
2020;UKAZ03;AREA01;26.18
2020;UKAZ03;AREA02;
2020;UKAZ03;AREA03;
2020;UKAZ03;AREA04;
2020;UKAZ04;AREA01;0.03
2020;UKAZ04;AREA02;
2020;UKAZ04;AREA03;
2020;UKAZ04;AREA04;
2020;UKAZ05;AREA01;
2020;UKAZ05;AREA02;43.69
2020;UKAZ05;AREA03;
2020;UKAZ05;AREA04;
2020;UKAZ06;AREA01;
2020;UKAZ06;AREA02;39.61
2020;UKAZ06;AREA03;
2020;UKAZ06;AREA04;
2020;UKAZ07;AREA01;
2020;UKAZ07;AREA02;2.42
2020;UKAZ07;AREA03;
2020;UKAZ07;AREA04;
2020;UKAZ08;AREA01;
2020;UKAZ08;AREA02;14.28
2020;UKAZ08;AREA03;
2020;UKAZ08;AREA04;
2020;UKAZ09;AREA01;
2020;UKAZ09;AREA02;
2020;UKAZ09;AREA03;22.49
2020;UKAZ09;AREA04;
2020;UKAZ10;AREA01;
2020;UKAZ10;AREA02;
2020;UKAZ10;AREA03;54.83
2020;UKAZ10;AREA04;
2020;UKAZ11;AREA01;
2020;UKAZ11;AREA02;
2020;UKAZ11;AREA03;7.18
2020;UKAZ11;AREA04;
2020;UKAZ12;AREA01;
2020;UKAZ12;AREA02;
2020;UKAZ12;AREA03;3.42
2020;UKAZ12;AREA04;
2020;UKAZ13;AREA01;
2020;UKAZ13;AREA02;
2020;UKAZ13;AREA03;6.41
2020;UKAZ13;AREA04;
2020;UKAZ14;AREA01;
2020;UKAZ14;AREA02;
2020;UKAZ14;AREA03;5.67
2020;UKAZ14;AREA04;
2020;UKAZ15;AREA01;
2020;UKAZ15;AREA02;
2020;UKAZ15;AREA03;
2020;UKAZ15;AREA04;39.4
2020;UKAZ16;AREA01;
2020;UKAZ16;AREA02;
2020;UKAZ16;AREA03;
2020;UKAZ16;AREA04;22
2020;UKAZ17;AREA01;
2020;UKAZ17;AREA02;
2020;UKAZ17;AREA03;
2020;UKAZ17;AREA04;38.6
2019;UKAZ01;AREA01;54.83
2019;UKAZ01;AREA02;
2019;UKAZ01;AREA03;
2019;UKAZ01;AREA04;
2019;UKAZ02;AREA01;19.95
2019;UKAZ02;AREA02;
2019;UKAZ02;AREA03;
2019;UKAZ02;AREA04;
2019;UKAZ03;AREA01;25.19
2019;UKAZ03;AREA02;
2019;UKAZ03;AREA03;
2019;UKAZ03;AREA04;
2019;UKAZ04;AREA01;0.03
2019;UKAZ04;AREA02;
2019;UKAZ04;AREA03;
2019;UKAZ04;AREA04;
2019;UKAZ05;AREA01;
2019;UKAZ05;AREA02;46.76
2019;UKAZ05;AREA03;
2019;UKAZ05;AREA04;
2019;UKAZ06;AREA01;
2019;UKAZ06;AREA02;40.45
2019;UKAZ06;AREA03;
2019;UKAZ06;AREA04;
2019;UKAZ07;AREA01;
2019;UKAZ07;AREA02;2.06
2019;UKAZ07;AREA03;
2019;UKAZ07;AREA04;
2019;UKAZ08;AREA01;
2019;UKAZ08;AREA02;10.73
2019;UKAZ08;AREA03;
2019;UKAZ08;AREA04;
2019;UKAZ09;AREA01;
2019;UKAZ09;AREA02;
2019;UKAZ09;AREA03;20.22
2019;UKAZ09;AREA04;
2019;UKAZ10;AREA01;
2019;UKAZ10;AREA02;
2019;UKAZ10;AREA03;58.17
2019;UKAZ10;AREA04;
2019;UKAZ11;AREA01;
2019;UKAZ11;AREA02;
2019;UKAZ11;AREA03;5.21
2019;UKAZ11;AREA04;
2019;UKAZ12;AREA01;
2019;UKAZ12;AREA02;
2019;UKAZ12;AREA03;4.66
2019;UKAZ12;AREA04;
2019;UKAZ13;AREA01;
2019;UKAZ13;AREA02;
2019;UKAZ13;AREA03;6.08
2019;UKAZ13;AREA04;
2019;UKAZ14;AREA01;
2019;UKAZ14;AREA02;
2019;UKAZ14;AREA03;5.66
2019;UKAZ14;AREA04;
2019;UKAZ15;AREA01;
2019;UKAZ15;AREA02;
2019;UKAZ15;AREA03;
2019;UKAZ15;AREA04;39.93
2019;UKAZ16;AREA01;
2019;UKAZ16;AREA02;
2019;UKAZ16;AREA03;
2019;UKAZ16;AREA04;23.4
2019;UKAZ17;AREA01;
2019;UKAZ17;AREA02;
2019;UKAZ17;AREA03;
2019;UKAZ17;AREA04;36.67
2018;UKAZ01;AREA01;54.08
2018;UKAZ01;AREA02;
2018;UKAZ01;AREA03;
2018;UKAZ01;AREA04;
2018;UKAZ02;AREA01;21.22
2018;UKAZ02;AREA02;
2018;UKAZ02;AREA03;
2018;UKAZ02;AREA04;
2018;UKAZ03;AREA01;24.28
2018;UKAZ03;AREA02;
2018;UKAZ03;AREA03;
2018;UKAZ03;AREA04;
2018;UKAZ04;AREA01;0.42
2018;UKAZ04;AREA02;
2018;UKAZ04;AREA03;
2018;UKAZ04;AREA04;
2018;UKAZ05;AREA01;
2018;UKAZ05;AREA02;48.85
2018;UKAZ05;AREA03;
2018;UKAZ05;AREA04;
2018;UKAZ06;AREA01;
2018;UKAZ06;AREA02;38.01
2018;UKAZ06;AREA03;
2018;UKAZ06;AREA04;
2018;UKAZ07;AREA01;
2018;UKAZ07;AREA02;1.91
2018;UKAZ07;AREA03;
2018;UKAZ07;AREA04;
2018;UKAZ08;AREA01;
2018;UKAZ08;AREA02;11.23
2018;UKAZ08;AREA03;
2018;UKAZ08;AREA04;
2018;UKAZ09;AREA01;
2018;UKAZ09;AREA02;
2018;UKAZ09;AREA03;19.86
2018;UKAZ09;AREA04;
2018;UKAZ10;AREA01;
2018;UKAZ10;AREA02;
2018;UKAZ10;AREA03;58.77
2018;UKAZ10;AREA04;
2018;UKAZ11;AREA01;
2018;UKAZ11;AREA02;
2018;UKAZ11;AREA03;4.82
2018;UKAZ11;AREA04;
2018;UKAZ12;AREA01;
2018;UKAZ12;AREA02;
2018;UKAZ12;AREA03;4.81
2018;UKAZ12;AREA04;
2018;UKAZ13;AREA01;
2018;UKAZ13;AREA02;
2018;UKAZ13;AREA03;6.51
2018;UKAZ13;AREA04;
2018;UKAZ14;AREA01;
2018;UKAZ14;AREA02;
2018;UKAZ14;AREA03;5.22
2018;UKAZ14;AREA04;
2018;UKAZ15;AREA01;
2018;UKAZ15;AREA02;
2018;UKAZ15;AREA03;
2018;UKAZ15;AREA04;40.11
2018;UKAZ16;AREA01;
2018;UKAZ16;AREA02;
2018;UKAZ16;AREA03;
2018;UKAZ16;AREA04;24.07
2018;UKAZ17;AREA01;
2018;UKAZ17;AREA02;
2018;UKAZ17;AREA03;
2018;UKAZ17;AREA04;35.81
2017;UKAZ01;AREA01;54.12
2017;UKAZ01;AREA02;
2017;UKAZ01;AREA03;
2017;UKAZ01;AREA04;
2017;UKAZ02;AREA01;20.81
2017;UKAZ02;AREA02;
2017;UKAZ02;AREA03;
2017;UKAZ02;AREA04;
2017;UKAZ03;AREA01;24.67
2017;UKAZ03;AREA02;
2017;UKAZ03;AREA03;
2017;UKAZ03;AREA04;
2017;UKAZ04;AREA01;0.41
2017;UKAZ04;AREA02;
2017;UKAZ04;AREA03;
2017;UKAZ04;AREA04;
2017;UKAZ05;AREA01;
2017;UKAZ05;AREA02;35.5
2017;UKAZ05;AREA03;
2017;UKAZ05;AREA04;
2017;UKAZ06;AREA01;
2017;UKAZ06;AREA02;49.03
2017;UKAZ06;AREA03;
2017;UKAZ06;AREA04;
2017;UKAZ07;AREA01;
2017;UKAZ07;AREA02;1.72
2017;UKAZ07;AREA03;
2017;UKAZ07;AREA04;
2017;UKAZ08;AREA01;
2017;UKAZ08;AREA02;13.74
2017;UKAZ08;AREA03;
2017;UKAZ08;AREA04;
2017;UKAZ09;AREA01;
2017;UKAZ09;AREA02;
2017;UKAZ09;AREA03;19.56
2017;UKAZ09;AREA04;
2017;UKAZ10;AREA01;
2017;UKAZ10;AREA02;
2017;UKAZ10;AREA03;58.14
2017;UKAZ10;AREA04;
2017;UKAZ11;AREA01;
2017;UKAZ11;AREA02;
2017;UKAZ11;AREA03;5.1
2017;UKAZ11;AREA04;
2017;UKAZ12;AREA01;
2017;UKAZ12;AREA02;
2017;UKAZ12;AREA03;5.23
2017;UKAZ12;AREA04;
2017;UKAZ13;AREA01;
2017;UKAZ13;AREA02;
2017;UKAZ13;AREA03;7.21
2017;UKAZ13;AREA04;
2017;UKAZ14;AREA01;
2017;UKAZ14;AREA02;
2017;UKAZ14;AREA03;4.77
2017;UKAZ14;AREA04;
2017;UKAZ15;AREA01;
2017;UKAZ15;AREA02;
2017;UKAZ15;AREA03;
2017;UKAZ15;AREA04;37.22
2017;UKAZ16;AREA01;
2017;UKAZ16;AREA02;
2017;UKAZ16;AREA03;
2017;UKAZ16;AREA04;22.82
2017;UKAZ17;AREA01;
2017;UKAZ17;AREA02;
2017;UKAZ17;AREA03;
2017;UKAZ17;AREA04;39.96
2016;UKAZ01;AREA01;50.36
2016;UKAZ01;AREA02;
2016;UKAZ01;AREA03;
2016;UKAZ01;AREA04;
2016;UKAZ02;AREA01;21.44
2016;UKAZ02;AREA02;
2016;UKAZ02;AREA03;
2016;UKAZ02;AREA04;
2016;UKAZ03;AREA01;27.71
2016;UKAZ03;AREA02;
2016;UKAZ03;AREA03;
2016;UKAZ03;AREA04;
2016;UKAZ04;AREA01;0.49
2016;UKAZ04;AREA02;
2016;UKAZ04;AREA03;
2016;UKAZ04;AREA04;
2016;UKAZ05;AREA01;
2016;UKAZ05;AREA02;46.22
2016;UKAZ05;AREA03;
2016;UKAZ05;AREA04;
2016;UKAZ06;AREA01;
2016;UKAZ06;AREA02;40.99
2016;UKAZ06;AREA03;
2016;UKAZ06;AREA04;
2016;UKAZ07;AREA01;
2016;UKAZ07;AREA02;2.08
2016;UKAZ07;AREA03;
2016;UKAZ07;AREA04;
2016;UKAZ08;AREA01;
2016;UKAZ08;AREA02;10.71
2016;UKAZ08;AREA03;
2016;UKAZ08;AREA04;
2016;UKAZ09;AREA01;
2016;UKAZ09;AREA02;
2016;UKAZ09;AREA03;16.27
2016;UKAZ09;AREA04;
2016;UKAZ10;AREA01;
2016;UKAZ10;AREA02;
2016;UKAZ10;AREA03;55.77
2016;UKAZ10;AREA04;
2016;UKAZ11;AREA01;
2016;UKAZ11;AREA02;
2016;UKAZ11;AREA03;6.65
2016;UKAZ11;AREA04;
2016;UKAZ12;AREA01;
2016;UKAZ12;AREA02;
2016;UKAZ12;AREA03;6.29
2016;UKAZ12;AREA04;
2016;UKAZ13;AREA01;
2016;UKAZ13;AREA02;
2016;UKAZ13;AREA03;9.91
2016;UKAZ13;AREA04;
2016;UKAZ14;AREA01;
2016;UKAZ14;AREA02;
2016;UKAZ14;AREA03;5.12
2016;UKAZ14;AREA04;
2016;UKAZ15;AREA01;
2016;UKAZ15;AREA02;
2016;UKAZ15;AREA03;
2016;UKAZ15;AREA04;40.39
2016;UKAZ16;AREA01;
2016;UKAZ16;AREA02;
2016;UKAZ16;AREA03;
2016;UKAZ16;AREA04;23.67
2016;UKAZ17;AREA01;
2016;UKAZ17;AREA02;
2016;UKAZ17;AREA03;
2016;UKAZ17;AREA04;35.94
2015;UKAZ01;AREA01;27.95
2015;UKAZ01;AREA02;
2015;UKAZ01;AREA03;
2015;UKAZ01;AREA04;
2015;UKAZ02;AREA01;27.86
2015;UKAZ02;AREA02;
2015;UKAZ02;AREA03;
2015;UKAZ02;AREA04;
2015;UKAZ03;AREA01;43.79
2015;UKAZ03;AREA02;
2015;UKAZ03;AREA03;
2015;UKAZ03;AREA04;
2015;UKAZ04;AREA01;0.4
2015;UKAZ04;AREA02;
2015;UKAZ04;AREA03;
2015;UKAZ04;AREA04;
2015;UKAZ05;AREA01;
2015;UKAZ05;AREA02;25.06
2015;UKAZ05;AREA03;
2015;UKAZ05;AREA04;
2015;UKAZ06;AREA01;
2015;UKAZ06;AREA02;31.94
2015;UKAZ06;AREA03;
2015;UKAZ06;AREA04;
2015;UKAZ07;AREA01;
2015;UKAZ07;AREA02;3.57
2015;UKAZ07;AREA03;
2015;UKAZ07;AREA04;
2015;UKAZ08;AREA01;
2015;UKAZ08;AREA02;39.43
2015;UKAZ08;AREA03;
2015;UKAZ08;AREA04;
2015;UKAZ09;AREA01;
2015;UKAZ09;AREA02;
2015;UKAZ09;AREA03;15.94
2015;UKAZ09;AREA04;
2015;UKAZ10;AREA01;
2015;UKAZ10;AREA02;
2015;UKAZ10;AREA03;48.02
2015;UKAZ10;AREA04;
2015;UKAZ11;AREA01;
2015;UKAZ11;AREA02;
2015;UKAZ11;AREA03;7.48
2015;UKAZ11;AREA04;
2015;UKAZ12;AREA01;
2015;UKAZ12;AREA02;
2015;UKAZ12;AREA03;7.97
2015;UKAZ12;AREA04;
2015;UKAZ13;AREA01;
2015;UKAZ13;AREA02;
2015;UKAZ13;AREA03;17.14
2015;UKAZ13;AREA04;
2015;UKAZ14;AREA01;
2015;UKAZ14;AREA02;
2015;UKAZ14;AREA03;3.45
2015;UKAZ14;AREA04;
2015;UKAZ15;AREA01;
2015;UKAZ15;AREA02;
2015;UKAZ15;AREA03;
2015;UKAZ15;AREA04;42.78
2015;UKAZ16;AREA01;
2015;UKAZ16;AREA02;
2015;UKAZ16;AREA03;
2015;UKAZ16;AREA04;30.26
2015;UKAZ17;AREA01;
2015;UKAZ17;AREA02;
2015;UKAZ17;AREA03;
2015;UKAZ17;AREA04;26.95
2014;UKAZ01;AREA01;36.84
2014;UKAZ01;AREA02;
2014;UKAZ01;AREA03;
2014;UKAZ01;AREA04;
2014;UKAZ02;AREA01;28.34
2014;UKAZ02;AREA02;
2014;UKAZ02;AREA03;
2014;UKAZ02;AREA04;
2014;UKAZ03;AREA01;34.42
2014;UKAZ03;AREA02;
2014;UKAZ03;AREA03;
2014;UKAZ03;AREA04;
2014;UKAZ04;AREA01;0.41
2014;UKAZ04;AREA02;
2014;UKAZ04;AREA03;
2014;UKAZ04;AREA04;
2014;UKAZ05;AREA01;
2014;UKAZ05;AREA02;32.21
2014;UKAZ05;AREA03;
2014;UKAZ05;AREA04;
2014;UKAZ06;AREA01;
2014;UKAZ06;AREA02;41.38
2014;UKAZ06;AREA03;
2014;UKAZ06;AREA04;
2014;UKAZ07;AREA01;
2014;UKAZ07;AREA02;2.72
2014;UKAZ07;AREA03;
2014;UKAZ07;AREA04;
2014;UKAZ08;AREA01;
2014;UKAZ08;AREA02;23.68
2014;UKAZ08;AREA03;
2014;UKAZ08;AREA04;
2014;UKAZ09;AREA01;
2014;UKAZ09;AREA02;
2014;UKAZ09;AREA03;17.77
2014;UKAZ09;AREA04;
2014;UKAZ10;AREA01;
2014;UKAZ10;AREA02;
2014;UKAZ10;AREA03;48.77
2014;UKAZ10;AREA04;
2014;UKAZ11;AREA01;
2014;UKAZ11;AREA02;
2014;UKAZ11;AREA03;9.98
2014;UKAZ11;AREA04;
2014;UKAZ12;AREA01;
2014;UKAZ12;AREA02;
2014;UKAZ12;AREA03;6.94
2014;UKAZ12;AREA04;
2014;UKAZ13;AREA01;
2014;UKAZ13;AREA02;
2014;UKAZ13;AREA03;10.34
2014;UKAZ13;AREA04;
2014;UKAZ14;AREA01;
2014;UKAZ14;AREA02;
2014;UKAZ14;AREA03;6.21
2014;UKAZ14;AREA04;
2014;UKAZ15;AREA01;
2014;UKAZ15;AREA02;
2014;UKAZ15;AREA03;
2014;UKAZ15;AREA04;45.1
2014;UKAZ16;AREA01;
2014;UKAZ16;AREA02;
2014;UKAZ16;AREA03;
2014;UKAZ16;AREA04;28.42
2014;UKAZ17;AREA01;
2014;UKAZ17;AREA02;
2014;UKAZ17;AREA03;
2014;UKAZ17;AREA04;26.48
2013;UKAZ01;AREA01;46.26
2013;UKAZ01;AREA02;
2013;UKAZ01;AREA03;
2013;UKAZ01;AREA04;
2013;UKAZ02;AREA01;20.48
2013;UKAZ02;AREA02;
2013;UKAZ02;AREA03;
2013;UKAZ02;AREA04;
2013;UKAZ03;AREA01;33.1
2013;UKAZ03;AREA02;
2013;UKAZ03;AREA03;
2013;UKAZ03;AREA04;
2013;UKAZ04;AREA01;0.15
2013;UKAZ04;AREA02;
2013;UKAZ04;AREA03;
2013;UKAZ04;AREA04;
2013;UKAZ05;AREA01;
2013;UKAZ05;AREA02;40.19
2013;UKAZ05;AREA03;
2013;UKAZ05;AREA04;
2013;UKAZ06;AREA01;
2013;UKAZ06;AREA02;38.9
2013;UKAZ06;AREA03;
2013;UKAZ06;AREA04;
2013;UKAZ07;AREA01;
2013;UKAZ07;AREA02;2.94
2013;UKAZ07;AREA03;
2013;UKAZ07;AREA04;
2013;UKAZ08;AREA01;
2013;UKAZ08;AREA02;17.97
2013;UKAZ08;AREA03;
2013;UKAZ08;AREA04;
2013;UKAZ09;AREA01;
2013;UKAZ09;AREA02;
2013;UKAZ09;AREA03;17.71
2013;UKAZ09;AREA04;
2013;UKAZ10;AREA01;
2013;UKAZ10;AREA02;
2013;UKAZ10;AREA03;51.01
2013;UKAZ10;AREA04;
2013;UKAZ11;AREA01;
2013;UKAZ11;AREA02;
2013;UKAZ11;AREA03;8.95
2013;UKAZ11;AREA04;
2013;UKAZ12;AREA01;
2013;UKAZ12;AREA02;
2013;UKAZ12;AREA03;3.18
2013;UKAZ12;AREA04;
2013;UKAZ13;AREA01;
2013;UKAZ13;AREA02;
2013;UKAZ13;AREA03;7.5
2013;UKAZ13;AREA04;
2013;UKAZ14;AREA01;
2013;UKAZ14;AREA02;
2013;UKAZ14;AREA03;11.65
2013;UKAZ14;AREA04;
2013;UKAZ15;AREA01;
2013;UKAZ15;AREA02;
2013;UKAZ15;AREA03;
2013;UKAZ15;AREA04;44.09
2013;UKAZ16;AREA01;
2013;UKAZ16;AREA02;
2013;UKAZ16;AREA03;
2013;UKAZ16;AREA04;23.83
2013;UKAZ17;AREA01;
2013;UKAZ17;AREA02;
2013;UKAZ17;AREA03;
2013;UKAZ17;AREA04;32.08
2012;UKAZ01;AREA01;41.35
2012;UKAZ01;AREA02;
2012;UKAZ01;AREA03;
2012;UKAZ01;AREA04;
2012;UKAZ02;AREA01;24.52
2012;UKAZ02;AREA02;
2012;UKAZ02;AREA03;
2012;UKAZ02;AREA04;
2012;UKAZ03;AREA01;34.03
2012;UKAZ03;AREA02;
2012;UKAZ03;AREA03;
2012;UKAZ03;AREA04;
2012;UKAZ04;AREA01;0.1
2012;UKAZ04;AREA02;
2012;UKAZ04;AREA03;
2012;UKAZ04;AREA04;
2012;UKAZ05;AREA01;
2012;UKAZ05;AREA02;37.71
2012;UKAZ05;AREA03;
2012;UKAZ05;AREA04;
2012;UKAZ06;AREA01;
2012;UKAZ06;AREA02;41.57
2012;UKAZ06;AREA03;
2012;UKAZ06;AREA04;
2012;UKAZ07;AREA01;
2012;UKAZ07;AREA02;2.07
2012;UKAZ07;AREA03;
2012;UKAZ07;AREA04;
2012;UKAZ08;AREA01;
2012;UKAZ08;AREA02;18.65
2012;UKAZ08;AREA03;
2012;UKAZ08;AREA04;
2012;UKAZ09;AREA01;
2012;UKAZ09;AREA02;
2012;UKAZ09;AREA03;20.48
2012;UKAZ09;AREA04;
2012;UKAZ10;AREA01;
2012;UKAZ10;AREA02;
2012;UKAZ10;AREA03;46.92
2012;UKAZ10;AREA04;
2012;UKAZ11;AREA01;
2012;UKAZ11;AREA02;
2012;UKAZ11;AREA03;8.46
2012;UKAZ11;AREA04;
2012;UKAZ12;AREA01;
2012;UKAZ12;AREA02;
2012;UKAZ12;AREA03;6.74
2012;UKAZ12;AREA04;
2012;UKAZ13;AREA01;
2012;UKAZ13;AREA02;
2012;UKAZ13;AREA03;7.44
2012;UKAZ13;AREA04;
2012;UKAZ14;AREA01;
2012;UKAZ14;AREA02;
2012;UKAZ14;AREA03;9.96
2012;UKAZ14;AREA04;
2012;UKAZ15;AREA01;
2012;UKAZ15;AREA02;
2012;UKAZ15;AREA03;
2012;UKAZ15;AREA04;47.34
2012;UKAZ16;AREA01;
2012;UKAZ16;AREA02;
2012;UKAZ16;AREA03;
2012;UKAZ16;AREA04;23.46
2012;UKAZ17;AREA01;
2012;UKAZ17;AREA02;
2012;UKAZ17;AREA03;
2012;UKAZ17;AREA04;29.2
2011;UKAZ01;AREA01;37.18
2011;UKAZ01;AREA02;
2011;UKAZ01;AREA03;
2011;UKAZ01;AREA04;
2011;UKAZ02;AREA01;27.66
2011;UKAZ02;AREA02;
2011;UKAZ02;AREA03;
2011;UKAZ02;AREA04;
2011;UKAZ03;AREA01;34.95
2011;UKAZ03;AREA02;
2011;UKAZ03;AREA03;
2011;UKAZ03;AREA04;
2011;UKAZ04;AREA01;0.21
2011;UKAZ04;AREA02;
2011;UKAZ04;AREA03;
2011;UKAZ04;AREA04;
2011;UKAZ05;AREA01;
2011;UKAZ05;AREA02;33.85
2011;UKAZ05;AREA03;
2011;UKAZ05;AREA04;
2011;UKAZ06;AREA01;
2011;UKAZ06;AREA02;49.75
2011;UKAZ06;AREA03;
2011;UKAZ06;AREA04;
2011;UKAZ07;AREA01;
2011;UKAZ07;AREA02;2.24
2011;UKAZ07;AREA03;
2011;UKAZ07;AREA04;
2011;UKAZ08;AREA01;
2011;UKAZ08;AREA02;14.16
2011;UKAZ08;AREA03;
2011;UKAZ08;AREA04;
2011;UKAZ09;AREA01;
2011;UKAZ09;AREA02;
2011;UKAZ09;AREA03;20.72
2011;UKAZ09;AREA04;
2011;UKAZ10;AREA01;
2011;UKAZ10;AREA02;
2011;UKAZ10;AREA03;47.68
2011;UKAZ10;AREA04;
2011;UKAZ11;AREA01;
2011;UKAZ11;AREA02;
2011;UKAZ11;AREA03;7.96
2011;UKAZ11;AREA04;
2011;UKAZ12;AREA01;
2011;UKAZ12;AREA02;
2011;UKAZ12;AREA03;7.57
2011;UKAZ12;AREA04;
2011;UKAZ13;AREA01;
2011;UKAZ13;AREA02;
2011;UKAZ13;AREA03;8.46
2011;UKAZ13;AREA04;
2011;UKAZ14;AREA01;
2011;UKAZ14;AREA02;
2011;UKAZ14;AREA03;7.62
2011;UKAZ14;AREA04;
2011;UKAZ15;AREA01;
2011;UKAZ15;AREA02;
2011;UKAZ15;AREA03;
2011;UKAZ15;AREA04;48.87
2011;UKAZ16;AREA01;
2011;UKAZ16;AREA02;
2011;UKAZ16;AREA03;
2011;UKAZ16;AREA04;24.63
2011;UKAZ17;AREA01;
2011;UKAZ17;AREA02;
2011;UKAZ17;AREA03;
2011;UKAZ17;AREA04;26.5
2010;UKAZ01;AREA01;42.09
2010;UKAZ01;AREA02;
2010;UKAZ01;AREA03;
2010;UKAZ01;AREA04;
2010;UKAZ02;AREA01;29.96
2010;UKAZ02;AREA02;
2010;UKAZ02;AREA03;
2010;UKAZ02;AREA04;
2010;UKAZ03;AREA01;27.64
2010;UKAZ03;AREA02;
2010;UKAZ03;AREA03;
2010;UKAZ03;AREA04;
2010;UKAZ04;AREA01;0.31
2010;UKAZ04;AREA02;
2010;UKAZ04;AREA03;
2010;UKAZ04;AREA04;
2010;UKAZ05;AREA01;
2010;UKAZ05;AREA02;35.06
2010;UKAZ05;AREA03;
2010;UKAZ05;AREA04;
2010;UKAZ06;AREA01;
2010;UKAZ06;AREA02;49.57
2010;UKAZ06;AREA03;
2010;UKAZ06;AREA04;
2010;UKAZ07;AREA01;
2010;UKAZ07;AREA02;0.7
2010;UKAZ07;AREA03;
2010;UKAZ07;AREA04;
2010;UKAZ08;AREA01;
2010;UKAZ08;AREA02;14.67
2010;UKAZ08;AREA03;
2010;UKAZ08;AREA04;
2010;UKAZ09;AREA01;
2010;UKAZ09;AREA02;
2010;UKAZ09;AREA03;19.92
2010;UKAZ09;AREA04;
2010;UKAZ10;AREA01;
2010;UKAZ10;AREA02;
2010;UKAZ10;AREA03;53.59
2010;UKAZ10;AREA04;
2010;UKAZ11;AREA01;
2010;UKAZ11;AREA02;
2010;UKAZ11;AREA03;7.1
2010;UKAZ11;AREA04;
2010;UKAZ12;AREA01;
2010;UKAZ12;AREA02;
2010;UKAZ12;AREA03;8.2
2010;UKAZ12;AREA04;
2010;UKAZ13;AREA01;
2010;UKAZ13;AREA02;
2010;UKAZ13;AREA03;6.99
2010;UKAZ13;AREA04;
2010;UKAZ14;AREA01;
2010;UKAZ14;AREA02;
2010;UKAZ14;AREA03;4.21
2010;UKAZ14;AREA04;
2010;UKAZ15;AREA01;
2010;UKAZ15;AREA02;
2010;UKAZ15;AREA03;
2010;UKAZ15;AREA04;46.27
2010;UKAZ16;AREA01;
2010;UKAZ16;AREA02;
2010;UKAZ16;AREA03;
2010;UKAZ16;AREA04;23.67
2010;UKAZ17;AREA01;
2010;UKAZ17;AREA02;
2010;UKAZ17;AREA03;
2010;UKAZ17;AREA04;30.05
2009;UKAZ01;AREA01;41.05
2009;UKAZ01;AREA02;
2009;UKAZ01;AREA03;
2009;UKAZ01;AREA04;
2009;UKAZ02;AREA01;33.89
2009;UKAZ02;AREA02;
2009;UKAZ02;AREA03;
2009;UKAZ02;AREA04;
2009;UKAZ03;AREA01;25.03
2009;UKAZ03;AREA02;
2009;UKAZ03;AREA03;
2009;UKAZ03;AREA04;
2009;UKAZ04;AREA01;0.03
2009;UKAZ04;AREA02;
2009;UKAZ04;AREA03;
2009;UKAZ04;AREA04;
2009;UKAZ05;AREA01;
2009;UKAZ05;AREA02;35.11
2009;UKAZ05;AREA03;
2009;UKAZ05;AREA04;
2009;UKAZ06;AREA01;
2009;UKAZ06;AREA02;50.56
2009;UKAZ06;AREA03;
2009;UKAZ06;AREA04;
2009;UKAZ07;AREA01;
2009;UKAZ07;AREA02;1.55
2009;UKAZ07;AREA03;
2009;UKAZ07;AREA04;
2009;UKAZ08;AREA01;
2009;UKAZ08;AREA02;12.78
2009;UKAZ08;AREA03;
2009;UKAZ08;AREA04;
2009;UKAZ09;AREA01;
2009;UKAZ09;AREA02;
2009;UKAZ09;AREA03;23.2
2009;UKAZ09;AREA04;
2009;UKAZ10;AREA01;
2009;UKAZ10;AREA02;
2009;UKAZ10;AREA03;50.76
2009;UKAZ10;AREA04;
2009;UKAZ11;AREA01;
2009;UKAZ11;AREA02;
2009;UKAZ11;AREA03;7.7
2009;UKAZ11;AREA04;
2009;UKAZ12;AREA01;
2009;UKAZ12;AREA02;
2009;UKAZ12;AREA03;6.72
2009;UKAZ12;AREA04;
2009;UKAZ13;AREA01;
2009;UKAZ13;AREA02;
2009;UKAZ13;AREA03;6.79
2009;UKAZ13;AREA04;
2009;UKAZ14;AREA01;
2009;UKAZ14;AREA02;
2009;UKAZ14;AREA03;4.83
2009;UKAZ14;AREA04;
2009;UKAZ15;AREA01;
2009;UKAZ15;AREA02;
2009;UKAZ15;AREA03;
2009;UKAZ15;AREA04;46.51
2009;UKAZ16;AREA01;
2009;UKAZ16;AREA02;
2009;UKAZ16;AREA03;
2009;UKAZ16;AREA04;24.19
2009;UKAZ17;AREA01;
2009;UKAZ17;AREA02;
2009;UKAZ17;AREA03;
2009;UKAZ17;AREA04;29.3
2008;UKAZ01;AREA01;42.88
2008;UKAZ01;AREA02;
2008;UKAZ01;AREA03;
2008;UKAZ01;AREA04;
2008;UKAZ02;AREA01;32.8
2008;UKAZ02;AREA02;
2008;UKAZ02;AREA03;
2008;UKAZ02;AREA04;
2008;UKAZ03;AREA01;24.26
2008;UKAZ03;AREA02;
2008;UKAZ03;AREA03;
2008;UKAZ03;AREA04;
2008;UKAZ04;AREA01;0.06
2008;UKAZ04;AREA02;
2008;UKAZ04;AREA03;
2008;UKAZ04;AREA04;
2008;UKAZ05;AREA01;
2008;UKAZ05;AREA02;34.68
2008;UKAZ05;AREA03;
2008;UKAZ05;AREA04;
2008;UKAZ06;AREA01;
2008;UKAZ06;AREA02;52.33
2008;UKAZ06;AREA03;
2008;UKAZ06;AREA04;
2008;UKAZ07;AREA01;
2008;UKAZ07;AREA02;0.69
2008;UKAZ07;AREA03;
2008;UKAZ07;AREA04;
2008;UKAZ08;AREA01;
2008;UKAZ08;AREA02;12.29
2008;UKAZ08;AREA03;
2008;UKAZ08;AREA04;
2008;UKAZ09;AREA01;
2008;UKAZ09;AREA02;
2008;UKAZ09;AREA03;25.9
2008;UKAZ09;AREA04;
2008;UKAZ10;AREA01;
2008;UKAZ10;AREA02;
2008;UKAZ10;AREA03;46.61
2008;UKAZ10;AREA04;
2008;UKAZ11;AREA01;
2008;UKAZ11;AREA02;
2008;UKAZ11;AREA03;8
2008;UKAZ11;AREA04;
2008;UKAZ12;AREA01;
2008;UKAZ12;AREA02;
2008;UKAZ12;AREA03;8.64
2008;UKAZ12;AREA04;
2008;UKAZ13;AREA01;
2008;UKAZ13;AREA02;
2008;UKAZ13;AREA03;7.79
2008;UKAZ13;AREA04;
2008;UKAZ14;AREA01;
2008;UKAZ14;AREA02;
2008;UKAZ14;AREA03;3.06
2008;UKAZ14;AREA04;
2008;UKAZ15;AREA01;
2008;UKAZ15;AREA02;
2008;UKAZ15;AREA03;
2008;UKAZ15;AREA04;43.76
2008;UKAZ16;AREA01;
2008;UKAZ16;AREA02;
2008;UKAZ16;AREA03;
2008;UKAZ16;AREA04;27.39
2008;UKAZ17;AREA01;
2008;UKAZ17;AREA02;
2008;UKAZ17;AREA03;
2008;UKAZ17;AREA04;28.85
2007;UKAZ01;AREA01;39.55
2007;UKAZ01;AREA02;
2007;UKAZ01;AREA03;
2007;UKAZ01;AREA04;
2007;UKAZ02;AREA01;35.36
2007;UKAZ02;AREA02;
2007;UKAZ02;AREA03;
2007;UKAZ02;AREA04;
2007;UKAZ03;AREA01;24.99
2007;UKAZ03;AREA02;
2007;UKAZ03;AREA03;
2007;UKAZ03;AREA04;
2007;UKAZ04;AREA01;0.1
2007;UKAZ04;AREA02;
2007;UKAZ04;AREA03;
2007;UKAZ04;AREA04;
2007;UKAZ05;AREA01;
2007;UKAZ05;AREA02;35.6
2007;UKAZ05;AREA03;
2007;UKAZ05;AREA04;
2007;UKAZ06;AREA01;
2007;UKAZ06;AREA02;53.92
2007;UKAZ06;AREA03;
2007;UKAZ06;AREA04;
2007;UKAZ07;AREA01;
2007;UKAZ07;AREA02;0.24
2007;UKAZ07;AREA03;
2007;UKAZ07;AREA04;
2007;UKAZ08;AREA01;
2007;UKAZ08;AREA02;10.24
2007;UKAZ08;AREA03;
2007;UKAZ08;AREA04;
2007;UKAZ09;AREA01;
2007;UKAZ09;AREA02;
2007;UKAZ09;AREA03;29.29
2007;UKAZ09;AREA04;
2007;UKAZ10;AREA01;
2007;UKAZ10;AREA02;
2007;UKAZ10;AREA03;40.71
2007;UKAZ10;AREA04;
2007;UKAZ11;AREA01;
2007;UKAZ11;AREA02;
2007;UKAZ11;AREA03;9.75
2007;UKAZ11;AREA04;
2007;UKAZ12;AREA01;
2007;UKAZ12;AREA02;
2007;UKAZ12;AREA03;9.1
2007;UKAZ12;AREA04;
2007;UKAZ13;AREA01;
2007;UKAZ13;AREA02;
2007;UKAZ13;AREA03;8.38
2007;UKAZ13;AREA04;
2007;UKAZ14;AREA01;
2007;UKAZ14;AREA02;
2007;UKAZ14;AREA03;2.77
2007;UKAZ14;AREA04;
2007;UKAZ15;AREA01;
2007;UKAZ15;AREA02;
2007;UKAZ15;AREA03;
2007;UKAZ15;AREA04;46.24
2007;UKAZ16;AREA01;
2007;UKAZ16;AREA02;
2007;UKAZ16;AREA03;
2007;UKAZ16;AREA04;24.51
2007;UKAZ17;AREA01;
2007;UKAZ17;AREA02;
2007;UKAZ17;AREA03;
2007;UKAZ17;AREA04;29.25
2006;UKAZ01;AREA01;43.06
2006;UKAZ01;AREA02;
2006;UKAZ01;AREA03;
2006;UKAZ01;AREA04;
2006;UKAZ02;AREA01;32.76
2006;UKAZ02;AREA02;
2006;UKAZ02;AREA03;
2006;UKAZ02;AREA04;
2006;UKAZ03;AREA01;24.11
2006;UKAZ03;AREA02;
2006;UKAZ03;AREA03;
2006;UKAZ03;AREA04;
2006;UKAZ04;AREA01;0.07
2006;UKAZ04;AREA02;
2006;UKAZ04;AREA03;
2006;UKAZ04;AREA04;
2006;UKAZ05;AREA01;
2006;UKAZ05;AREA02;34.96
2006;UKAZ05;AREA03;
2006;UKAZ05;AREA04;
2006;UKAZ06;AREA01;
2006;UKAZ06;AREA02;55.56
2006;UKAZ06;AREA03;
2006;UKAZ06;AREA04;
2006;UKAZ07;AREA01;
2006;UKAZ07;AREA02;0.43
2006;UKAZ07;AREA03;
2006;UKAZ07;AREA04;
2006;UKAZ08;AREA01;
2006;UKAZ08;AREA02;9.05
2006;UKAZ08;AREA03;
2006;UKAZ08;AREA04;
2006;UKAZ09;AREA01;
2006;UKAZ09;AREA02;
2006;UKAZ09;AREA03;27.98
2006;UKAZ09;AREA04;
2006;UKAZ10;AREA01;
2006;UKAZ10;AREA02;
2006;UKAZ10;AREA03;40.47
2006;UKAZ10;AREA04;
2006;UKAZ11;AREA01;
2006;UKAZ11;AREA02;
2006;UKAZ11;AREA03;10.35
2006;UKAZ11;AREA04;
2006;UKAZ12;AREA01;
2006;UKAZ12;AREA02;
2006;UKAZ12;AREA03;10.5
2006;UKAZ12;AREA04;
2006;UKAZ13;AREA01;
2006;UKAZ13;AREA02;
2006;UKAZ13;AREA03;7.59
2006;UKAZ13;AREA04;
2006;UKAZ14;AREA01;
2006;UKAZ14;AREA02;
2006;UKAZ14;AREA03;3.11
2006;UKAZ14;AREA04;
2006;UKAZ15;AREA01;
2006;UKAZ15;AREA02;
2006;UKAZ15;AREA03;
2006;UKAZ15;AREA04;47.42
2006;UKAZ16;AREA01;
2006;UKAZ16;AREA02;
2006;UKAZ16;AREA03;
2006;UKAZ16;AREA04;29.47
2006;UKAZ17;AREA01;
2006;UKAZ17;AREA02;
2006;UKAZ17;AREA03;
2006;UKAZ17;AREA04;23.11
2005;UKAZ01;AREA01;49.84
2005;UKAZ01;AREA02;
2005;UKAZ01;AREA03;
2005;UKAZ01;AREA04;
2005;UKAZ02;AREA01;29.66
2005;UKAZ02;AREA02;
2005;UKAZ02;AREA03;
2005;UKAZ02;AREA04;
2005;UKAZ03;AREA01;20.42
2005;UKAZ03;AREA02;
2005;UKAZ03;AREA03;
2005;UKAZ03;AREA04;
2005;UKAZ04;AREA01;0.08
2005;UKAZ04;AREA02;
2005;UKAZ04;AREA03;
2005;UKAZ04;AREA04;
2005;UKAZ05;AREA01;
2005;UKAZ05;AREA02;36.6
2005;UKAZ05;AREA03;
2005;UKAZ05;AREA04;
2005;UKAZ06;AREA01;
2005;UKAZ06;AREA02;57.02
2005;UKAZ06;AREA03;
2005;UKAZ06;AREA04;
2005;UKAZ07;AREA01;
2005;UKAZ07;AREA02;0.34
2005;UKAZ07;AREA03;
2005;UKAZ07;AREA04;
2005;UKAZ08;AREA01;
2005;UKAZ08;AREA02;6.04
2005;UKAZ08;AREA03;
2005;UKAZ08;AREA04;
2005;UKAZ09;AREA01;
2005;UKAZ09;AREA02;
2005;UKAZ09;AREA03;28.96
2005;UKAZ09;AREA04;
2005;UKAZ10;AREA01;
2005;UKAZ10;AREA02;
2005;UKAZ10;AREA03;42.13
2005;UKAZ10;AREA04;
2005;UKAZ11;AREA01;
2005;UKAZ11;AREA02;
2005;UKAZ11;AREA03;9.17
2005;UKAZ11;AREA04;
2005;UKAZ12;AREA01;
2005;UKAZ12;AREA02;
2005;UKAZ12;AREA03;9.95
2005;UKAZ12;AREA04;
2005;UKAZ13;AREA01;
2005;UKAZ13;AREA02;
2005;UKAZ13;AREA03;7.07
2005;UKAZ13;AREA04;
2005;UKAZ14;AREA01;
2005;UKAZ14;AREA02;
2005;UKAZ14;AREA03;2.74
2005;UKAZ14;AREA04;
2005;UKAZ15;AREA01;
2005;UKAZ15;AREA02;
2005;UKAZ15;AREA03;
2005;UKAZ15;AREA04;46.67
2005;UKAZ16;AREA01;
2005;UKAZ16;AREA02;
2005;UKAZ16;AREA03;
2005;UKAZ16;AREA04;30.9
2005;UKAZ17;AREA01;
2005;UKAZ17;AREA02;
2005;UKAZ17;AREA03;
2005;UKAZ17;AREA04;22.43
2004;UKAZ01;AREA01;49.18
2004;UKAZ01;AREA02;
2004;UKAZ01;AREA03;
2004;UKAZ01;AREA04;
2004;UKAZ02;AREA01;30.49
2004;UKAZ02;AREA02;
2004;UKAZ02;AREA03;
2004;UKAZ02;AREA04;
2004;UKAZ03;AREA01;20.12
2004;UKAZ03;AREA02;
2004;UKAZ03;AREA03;
2004;UKAZ03;AREA04;
2004;UKAZ04;AREA01;0.21
2004;UKAZ04;AREA02;
2004;UKAZ04;AREA03;
2004;UKAZ04;AREA04;
2004;UKAZ05;AREA01;
2004;UKAZ05;AREA02;38.29
2004;UKAZ05;AREA03;
2004;UKAZ05;AREA04;
2004;UKAZ06;AREA01;
2004;UKAZ06;AREA02;57.12
2004;UKAZ06;AREA03;
2004;UKAZ06;AREA04;
2004;UKAZ07;AREA01;
2004;UKAZ07;AREA02;0.3
2004;UKAZ07;AREA03;
2004;UKAZ07;AREA04;
2004;UKAZ08;AREA01;
2004;UKAZ08;AREA02;4.29
2004;UKAZ08;AREA03;
2004;UKAZ08;AREA04;
2004;UKAZ09;AREA01;
2004;UKAZ09;AREA02;
2004;UKAZ09;AREA03;29.22
2004;UKAZ09;AREA04;
2004;UKAZ10;AREA01;
2004;UKAZ10;AREA02;
2004;UKAZ10;AREA03;37.65
2004;UKAZ10;AREA04;
2004;UKAZ11;AREA01;
2004;UKAZ11;AREA02;
2004;UKAZ11;AREA03;10.83
2004;UKAZ11;AREA04;
2004;UKAZ12;AREA01;
2004;UKAZ12;AREA02;
2004;UKAZ12;AREA03;12.24
2004;UKAZ12;AREA04;
2004;UKAZ13;AREA01;
2004;UKAZ13;AREA02;
2004;UKAZ13;AREA03;8.44
2004;UKAZ13;AREA04;
2004;UKAZ14;AREA01;
2004;UKAZ14;AREA02;
2004;UKAZ14;AREA03;1.62
2004;UKAZ14;AREA04;
2004;UKAZ15;AREA01;
2004;UKAZ15;AREA02;
2004;UKAZ15;AREA03;
2004;UKAZ15;AREA04;45.09
2004;UKAZ16;AREA01;
2004;UKAZ16;AREA02;
2004;UKAZ16;AREA03;
2004;UKAZ16;AREA04;35.39
2004;UKAZ17;AREA01;
2004;UKAZ17;AREA02;
2004;UKAZ17;AREA03;
2004;UKAZ17;AREA04;19.52
2003;UKAZ01;AREA01;55.2
2003;UKAZ01;AREA02;
2003;UKAZ01;AREA03;
2003;UKAZ01;AREA04;
2003;UKAZ02;AREA01;31.61
2003;UKAZ02;AREA02;
2003;UKAZ02;AREA03;
2003;UKAZ02;AREA04;
2003;UKAZ03;AREA01;13.16
2003;UKAZ03;AREA02;
2003;UKAZ03;AREA03;
2003;UKAZ03;AREA04;
2003;UKAZ04;AREA01;0.03
2003;UKAZ04;AREA02;
2003;UKAZ04;AREA03;
2003;UKAZ04;AREA04;
2003;UKAZ05;AREA01;
2003;UKAZ05;AREA02;45.09
2003;UKAZ05;AREA03;
2003;UKAZ05;AREA04;
2003;UKAZ06;AREA01;
2003;UKAZ06;AREA02;50.84
2003;UKAZ06;AREA03;
2003;UKAZ06;AREA04;
2003;UKAZ07;AREA01;
2003;UKAZ07;AREA02;0.72
2003;UKAZ07;AREA03;
2003;UKAZ07;AREA04;
2003;UKAZ08;AREA01;
2003;UKAZ08;AREA02;3.34
2003;UKAZ08;AREA03;
2003;UKAZ08;AREA04;
2003;UKAZ09;AREA01;
2003;UKAZ09;AREA02;
2003;UKAZ09;AREA03;30.22
2003;UKAZ09;AREA04;
2003;UKAZ10;AREA01;
2003;UKAZ10;AREA02;
2003;UKAZ10;AREA03;40.3
2003;UKAZ10;AREA04;
2003;UKAZ11;AREA01;
2003;UKAZ11;AREA02;
2003;UKAZ11;AREA03;10.65
2003;UKAZ11;AREA04;
2003;UKAZ12;AREA01;
2003;UKAZ12;AREA02;
2003;UKAZ12;AREA03;11.15
2003;UKAZ12;AREA04;
2003;UKAZ13;AREA01;
2003;UKAZ13;AREA02;
2003;UKAZ13;AREA03;7.03
2003;UKAZ13;AREA04;
2003;UKAZ14;AREA01;
2003;UKAZ14;AREA02;
2003;UKAZ14;AREA03;0.66
2003;UKAZ14;AREA04;
2003;UKAZ15;AREA01;
2003;UKAZ15;AREA02;
2003;UKAZ15;AREA03;
2003;UKAZ15;AREA04;37.33
2003;UKAZ16;AREA01;
2003;UKAZ16;AREA02;
2003;UKAZ16;AREA03;
2003;UKAZ16;AREA04;44.72
2003;UKAZ17;AREA01;
2003;UKAZ17;AREA02;
2003;UKAZ17;AREA03;
2003;UKAZ17;AREA04;17.95
2002;UKAZ01;AREA01;64.34
2002;UKAZ01;AREA02;
2002;UKAZ01;AREA03;
2002;UKAZ01;AREA04;
2002;UKAZ02;AREA01;26.56
2002;UKAZ02;AREA02;
2002;UKAZ02;AREA03;
2002;UKAZ02;AREA04;
2002;UKAZ03;AREA01;9.09
2002;UKAZ03;AREA02;
2002;UKAZ03;AREA03;
2002;UKAZ03;AREA04;
2002;UKAZ04;AREA01;0.02
2002;UKAZ04;AREA02;
2002;UKAZ04;AREA03;
2002;UKAZ04;AREA04;
2002;UKAZ05;AREA01;
2002;UKAZ05;AREA02;53.56
2002;UKAZ05;AREA03;
2002;UKAZ05;AREA04;
2002;UKAZ06;AREA01;
2002;UKAZ06;AREA02;44.1
2002;UKAZ06;AREA03;
2002;UKAZ06;AREA04;
2002;UKAZ07;AREA01;
2002;UKAZ07;AREA02;0.27
2002;UKAZ07;AREA03;
2002;UKAZ07;AREA04;
2002;UKAZ08;AREA01;
2002;UKAZ08;AREA02;2.07
2002;UKAZ08;AREA03;
2002;UKAZ08;AREA04;
2002;UKAZ09;AREA01;
2002;UKAZ09;AREA02;
2002;UKAZ09;AREA03;27.17
2002;UKAZ09;AREA04;
2002;UKAZ10;AREA01;
2002;UKAZ10;AREA02;
2002;UKAZ10;AREA03;48.74
2002;UKAZ10;AREA04;
2002;UKAZ11;AREA01;
2002;UKAZ11;AREA02;
2002;UKAZ11;AREA03;9.83
2002;UKAZ11;AREA04;
2002;UKAZ12;AREA01;
2002;UKAZ12;AREA02;
2002;UKAZ12;AREA03;7.86
2002;UKAZ12;AREA04;
2002;UKAZ13;AREA01;
2002;UKAZ13;AREA02;
2002;UKAZ13;AREA03;5.87
2002;UKAZ13;AREA04;
2002;UKAZ14;AREA01;
2002;UKAZ14;AREA02;
2002;UKAZ14;AREA03;0.53
2002;UKAZ14;AREA04;
2002;UKAZ15;AREA01;
2002;UKAZ15;AREA02;
2002;UKAZ15;AREA03;
2002;UKAZ15;AREA04;29.6
2002;UKAZ16;AREA01;
2002;UKAZ16;AREA02;
2002;UKAZ16;AREA03;
2002;UKAZ16;AREA04;46.8
2002;UKAZ17;AREA01;
2002;UKAZ17;AREA02;
2002;UKAZ17;AREA03;
2002;UKAZ17;AREA04;23.6
